{"cameraMode":{"drawMode":0,"name":"Shaded","section":"Shading Mode"},"sceneLighting":false,"audioPlay":false,"sceneViewState":{"showFog":true,"showMaterialUpdate":false,"showSkybox":false,"showFlares":true,"showImageEffects":true,"showParticleSystems":true},"in2DMode":false,"pivot":{"x":-5.1139140129089359,"y":0.5154039859771729,"z":-2.0915658473968508},"rotation":{"x":-0.0016598892398178578,"y":0.8337246775627136,"z":-0.0024984688498079778,"w":-0.5521973371505737},"size":3.7914116382598879,"orthographic":false}