{"cameraMode":{"drawMode":0,"name":"Shaded","section":"Shading Mode"},"sceneLighting":true,"audioPlay":false,"sceneViewState":{"showFog":true,"showMaterialUpdate":false,"showSkybox":true,"showFlares":true,"showImageEffects":true,"showParticleSystems":true},"in2DMode":false,"pivot":{"x":-4.22886848449707,"y":2.896212100982666,"z":-6.155062675476074},"rotation":{"x":0.1740839183330536,"y":0.3111734688282013,"z":-0.05901389569044113,"w":0.9327420592308044},"size":2.8578836917877199,"orthographic":false}