{"cameraMode":{"drawMode":0,"name":"Shaded","section":"Shading Mode"},"sceneLighting":false,"audioPlay":false,"sceneViewState":{"showFog":true,"showMaterialUpdate":false,"showSkybox":false,"showFlares":true,"showImageEffects":true,"showParticleSystems":true},"in2DMode":false,"pivot":{"x":-0.3283286392688751,"y":0.09535916149616242,"z":0.20635198056697846},"rotation":{"x":-0.03640887886285782,"y":0.9169542193412781,"z":-0.08577661961317063,"w":-0.3882346749305725},"size":3.8146800994873049,"orthographic":false}