{"cameraMode":{"drawMode":0,"name":"Shaded","section":"Shading Mode"},"sceneLighting":false,"audioPlay":false,"sceneViewState":{"showFog":true,"showMaterialUpdate":false,"showSkybox":false,"showFlares":true,"showImageEffects":true,"showParticleSystems":true},"in2DMode":false,"pivot":{"x":-1.7168289422988892,"y":0.8549330830574036,"z":0.6243528127670288},"rotation":{"x":0.13355809450149537,"y":0.8198028206825256,"z":-0.2144000083208084,"w":0.5143368244171143},"size":4.041658401489258,"orthographic":false}