{"cameraMode":{"drawMode":0,"name":"Shaded","section":"Shading Mode"},"sceneLighting":true,"audioPlay":false,"sceneViewState":{"showFog":true,"showMaterialUpdate":false,"showSkybox":true,"showFlares":true,"showImageEffects":true,"showParticleSystems":true},"in2DMode":false,"pivot":{"x":-1.8815395832061768,"y":1.4238474369049073,"z":0.14676862955093385},"rotation":{"x":-0.06543862819671631,"y":0.6637702584266663,"z":-0.05851900577545166,"w":-0.7427919507026672},"size":4.341665744781494,"orthographic":false}