{"cameraMode":{"drawMode":0,"name":"Shaded","section":"Shading Mode"},"sceneLighting":true,"audioPlay":false,"sceneViewState":{"showFog":true,"showMaterialUpdate":false,"showSkybox":true,"showFlares":true,"showImageEffects":true,"showParticleSystems":true},"in2DMode":false,"pivot":{"x":-1.0267577171325684,"y":5.060014724731445,"z":-0.4216270446777344},"rotation":{"x":0.094631627202034,"y":-0.8820385336875916,"z":0.415670245885849,"w":0.20074976980686189},"size":26.201431274414064,"orthographic":false}