{"cameraMode":{"drawMode":0,"name":"Shaded","section":"Shading Mode"},"sceneLighting":false,"audioPlay":false,"sceneViewState":{"showFog":true,"showMaterialUpdate":false,"showSkybox":false,"showFlares":true,"showImageEffects":true,"showParticleSystems":true},"in2DMode":false,"pivot":{"x":0.26364457607269289,"y":0.21612012386322022,"z":0.119590163230896},"rotation":{"x":-0.10535838454961777,"y":0.873733639717102,"z":-0.21827547252178193,"w":-0.4217366576194763},"size":2.3392791748046877,"orthographic":false}