{"cameraMode":{"drawMode":0,"name":"Shaded","section":"Shading Mode"},"sceneLighting":false,"audioPlay":false,"sceneViewState":{"showFog":true,"showMaterialUpdate":false,"showSkybox":false,"showFlares":true,"showImageEffects":true,"showParticleSystems":true},"in2DMode":false,"pivot":{"x":-1.51926851272583,"y":0.21884730458259583,"z":0.528527021408081},"rotation":{"x":0.0372239425778389,"y":0.9614014625549316,"z":-0.16183307766914369,"w":0.21997801959514619},"size":1.0488269329071046,"orthographic":false}