{"cameraMode":{"drawMode":0,"name":"Shaded","section":"Shading Mode"},"sceneLighting":true,"audioPlay":false,"sceneViewState":{"showFog":true,"showMaterialUpdate":false,"showSkybox":true,"showFlares":true,"showImageEffects":true,"showParticleSystems":true},"in2DMode":false,"pivot":{"x":0.7129946947097778,"y":2.5713820457458498,"z":5.767199993133545},"rotation":{"x":-0.03280219808220863,"y":0.9431925415992737,"z":-0.3185495436191559,"w":-0.09391196817159653},"size":0.442115843296051,"orthographic":false}