{"cameraMode":{"drawMode":0,"name":"Shaded","section":"Shading Mode"},"sceneLighting":true,"audioPlay":false,"sceneViewState":{"showFog":true,"showMaterialUpdate":false,"showSkybox":true,"showFlares":true,"showImageEffects":true,"showParticleSystems":true},"in2DMode":false,"pivot":{"x":-537.2529296875,"y":-203.65283203125,"z":160.6979522705078},"rotation":{"x":-0.1435774862766266,"y":0.5896063446998596,"z":-0.10748053342103958,"w":-0.7876272201538086},"size":607.3982543945313,"orthographic":false}