{"cameraMode":{"drawMode":0,"name":"Shaded","section":"Shading Mode"},"sceneLighting":false,"audioPlay":false,"sceneViewState":{"showFog":true,"showMaterialUpdate":false,"showSkybox":false,"showFlares":true,"showImageEffects":true,"showParticleSystems":true},"in2DMode":false,"pivot":{"x":6.149198055267334,"y":11.538728713989258,"z":4.061566352844238},"rotation":{"x":0.09564914554357529,"y":-0.7557327151298523,"z":0.11329247057437897,"w":0.637957751750946},"size":7.071067810058594,"orthographic":false}