{"cameraMode":{"drawMode":0,"name":"Shaded","section":"Shading Mode"},"sceneLighting":false,"audioPlay":false,"sceneViewState":{"showFog":true,"showMaterialUpdate":false,"showSkybox":false,"showFlares":true,"showImageEffects":true,"showParticleSystems":true},"in2DMode":false,"pivot":{"x":-0.07295608520507813,"y":0.0076070502400398258,"z":-0.09643161296844483},"rotation":{"x":0.022546952590346338,"y":0.8562290072441101,"z":-0.03755231574177742,"w":0.5149667859077454},"size":1.3488268852233887,"orthographic":false}