{"cameraMode":{"drawMode":0,"name":"Shaded","section":"Shading Mode"},"sceneLighting":false,"audioPlay":false,"sceneViewState":{"showFog":true,"showMaterialUpdate":false,"showSkybox":false,"showFlares":true,"showImageEffects":true,"showParticleSystems":true},"in2DMode":false,"pivot":{"x":-0.02460552006959915,"y":0.03601129353046417,"z":0.41243329644203188},"rotation":{"x":0.0533602312207222,"y":0.6898998618125916,"z":-0.05091223493218422,"w":0.7203108668327332},"size":1.3488268852233887,"orthographic":false}