{"cameraMode":{"drawMode":0,"name":"Shaded","section":"Shading Mode"},"sceneLighting":true,"audioPlay":false,"sceneViewState":{"showFog":true,"showMaterialUpdate":false,"showSkybox":true,"showFlares":true,"showImageEffects":true,"showParticleSystems":true},"in2DMode":false,"pivot":{"x":0.2637248933315277,"y":0.42930009961128237,"z":12.784130096435547},"rotation":{"x":0.026307977735996248,"y":-0.9634113311767578,"z":0.09565144777297974,"w":0.2509937584400177},"size":0.442115843296051,"orthographic":false}