{"cameraMode":{"drawMode":0,"name":"Shaded","section":"Shading Mode"},"sceneLighting":false,"audioPlay":false,"sceneViewState":{"showFog":true,"showMaterialUpdate":false,"showSkybox":false,"showFlares":true,"showImageEffects":true,"showParticleSystems":true},"in2DMode":false,"pivot":{"x":-8.176583290100098,"y":2.045654296875,"z":1.1481395959854127},"rotation":{"x":0.17780470848083497,"y":0.7042136192321777,"z":-0.18942777812480927,"w":0.6608063578605652},"size":2.8578836917877199,"orthographic":false}