{"cameraMode":{"drawMode":0,"name":"Shaded","section":"Shading Mode"},"sceneLighting":false,"audioPlay":false,"sceneViewState":{"showFog":true,"showMaterialUpdate":false,"showSkybox":false,"showFlares":true,"showImageEffects":true,"showParticleSystems":true},"in2DMode":false,"pivot":{"x":8.054841995239258,"y":-4.830913543701172,"z":7.58791446685791},"rotation":{"x":-0.2252829670906067,"y":-0.3285929262638092,"z":0.08123909682035446,"w":-0.9137258529663086},"size":19.11444091796875,"orthographic":false}