{"cameraMode":{"drawMode":0,"name":"Shaded","section":"Shading Mode"},"sceneLighting":false,"audioPlay":false,"sceneViewState":{"showFog":true,"showMaterialUpdate":false,"showSkybox":false,"showFlares":true,"showImageEffects":true,"showParticleSystems":true},"in2DMode":false,"pivot":{"x":-7.620285511016846,"y":-15.076022148132325,"z":-13.169461250305176},"rotation":{"x":0.1004340648651123,"y":-0.8927220702171326,"z":0.36709117889404299,"w":0.24247528612613679},"size":22.0,"orthographic":false}