{"cameraMode":{"drawMode":0,"name":"Shaded","section":"Shading Mode"},"sceneLighting":true,"audioPlay":false,"sceneViewState":{"showFog":true,"showMaterialUpdate":false,"showSkybox":true,"showFlares":true,"showImageEffects":true,"showParticleSystems":true},"in2DMode":false,"pivot":{"x":4.0268683433532719,"y":-11.287500381469727,"z":2.4791507720947267},"rotation":{"x":0.38926804065704348,"y":0.3211439549922943,"z":-0.14759944379329682,"w":0.8508158922195435},"size":22.0,"orthographic":false}