{"cameraMode":{"drawMode":0,"name":"Shaded","section":"Shading Mode"},"sceneLighting":true,"audioPlay":false,"sceneViewState":{"showFog":true,"showMaterialUpdate":false,"showSkybox":true,"showFlares":true,"showImageEffects":true,"showParticleSystems":true},"in2DMode":false,"pivot":{"x":3.021306276321411,"y":1.7579022645950318,"z":8.832191467285157},"rotation":{"x":0.06668540090322495,"y":0.9231637716293335,"z":-0.1869492381811142,"w":0.3292798399925232},"size":2.8578836917877199,"orthographic":false}