{"cameraMode":{"drawMode":0,"name":"Shaded","section":"Shading Mode"},"sceneLighting":false,"audioPlay":false,"sceneViewState":{"showFog":true,"showMaterialUpdate":false,"showSkybox":false,"showFlares":true,"showImageEffects":true,"showParticleSystems":true},"in2DMode":false,"pivot":{"x":-0.20892611145973206,"y":0.7444590926170349,"z":0.4508349299430847},"rotation":{"x":-0.018557650968432428,"y":0.8076434135437012,"z":-0.025446707382798196,"w":-0.5888538360595703},"size":3.7914116382598879,"orthographic":false}