{"cameraMode":{"drawMode":0,"name":"Shaded","section":"Shading Mode"},"sceneLighting":false,"audioPlay":false,"sceneViewState":{"showFog":true,"showMaterialUpdate":false,"showSkybox":false,"showFlares":true,"showImageEffects":true,"showParticleSystems":true},"in2DMode":false,"pivot":{"x":-9.486505508422852,"y":-1.0812159776687623,"z":1.1716570854187012},"rotation":{"x":-0.05983060225844383,"y":0.6600300073623657,"z":-0.05270165577530861,"w":-0.7470979690551758},"size":12.091119766235352,"orthographic":false}