{"cameraMode":{"drawMode":0,"name":"Shaded","section":"Shading Mode"},"sceneLighting":false,"audioPlay":false,"sceneViewState":{"showFog":true,"showMaterialUpdate":false,"showSkybox":false,"showFlares":true,"showImageEffects":true,"showParticleSystems":true},"in2DMode":false,"pivot":{"x":-12.622039794921875,"y":-12.179959297180176,"z":9.56777286529541},"rotation":{"x":0.2773806154727936,"y":-0.43985629081726076,"z":0.14493827521800996,"w":0.8417878746986389},"size":22.0,"orthographic":false}