{"cameraMode":{"drawMode":0,"name":"Shaded","section":"Shading Mode"},"sceneLighting":true,"audioPlay":false,"sceneViewState":{"showFog":true,"showMaterialUpdate":false,"showSkybox":true,"showFlares":true,"showImageEffects":true,"showParticleSystems":true},"in2DMode":false,"pivot":{"x":3.2111105918884279,"y":2.5965919494628908,"z":-3.89888334274292},"rotation":{"x":0.025640681385993959,"y":-0.7165634036064148,"z":0.026526741683483125,"w":0.6966291069984436},"size":4.420645236968994,"orthographic":false}